analysis_type,nodes,edges,density,avg_clustering,number_of_communities,avg_betweenness,avg_pagerank,avg_degree_centrality,avg_closeness_centrality,avg_eigenvector_centrality,diameter,avg_shortest_path,transitivity,reciprocity,assortativity
output/exports/top_5_kiiro_800M_epitesi,535,569,0.0019916692918898107,0.0,5,0.004903897131443785,0.0018691588785046712,0.003983338583779621,0.0019916692918898102,0.041653199163894344,6,3.61377717105954,0.0,0.0,-0.0062255154298070685
output/exports/top_5_nyertes_800M_epitesi,67,68,0.015377657168701944,0.0,5,0.022113210172911672,0.014925373134328353,0.03075531433740388,0.015377657168701944,0.03317019736123199,-1,-1.0,0.0,0.0,0.015351143790240919
output/exports/top_5_kiiro_300M_epitesi,416,423,0.0024501853568118627,0.0,5,0.005998268436063093,0.002403846153846153,0.0049003707136237255,0.002450185356811863,0.04801646789762774,6,3.4832831325301203,0.0,0.0,-0.15201952256189344
output/exports/top_5_nyertes_300M_epitesi,228,258,0.004984929283561326,0.0,5,0.012277658201485946,0.004385964912280701,0.009969858567122653,0.004984929283561326,0.009803498868417049,6,3.774750753535822,0.0,0.0,-0.09212525272420075
output/exports/top_5_kiiro_900M_egy_ajanlat,424,434,0.002419822472010348,0.0,5,0.006901332421784242,0.002358490566037737,0.004839644944020697,0.002419822472010348,0.04754682223020298,8,3.9123622819929524,0.0,0.0,-0.06432643560583996
output/exports/top_5_nyertes_900M_egy_ajanlat,195,199,0.005260375363468147,0.002583171098351364,4,0.008035128520145344,0.005128205128205124,0.010520750726936293,0.007176148141964745,0.005235437241772787,6,2.5507798043880516,0.0625,0.0,-0.28758467404108295
